[{"model": "admin.logentry", "pk": 1, "fields": {"action_time": "2021-12-21T12:26:58.538Z", "user": 1, "content_type": 7, "object_id": "1", "object_repr": "Forever-Fitness.example.com", "action_flag": 2, "change_message": "[{\"changed\": {\"fields\": [\"Domain name\", \"Display name\"]}}]"}}, {"model": "admin.logentry", "pk": 2, "fields": {"action_time": "2021-12-21T12:37:30.238Z", "user": 1, "content_type": 8, "object_id": "1", "object_repr": "ellis.robinson@live.co.uk", "action_flag": 1, "change_message": "[{\"added\": {}}]"}}, {"model": "admin.logentry", "pk": 3, "fields": {"action_time": "2021-12-25T14:24:49.721Z", "user": 1, "content_type": 13, "object_id": "1", "object_repr": "shorts", "action_flag": 1, "change_message": "[{\"added\": {}}]"}}, {"model": "admin.logentry", "pk": 4, "fields": {"action_time": "2021-12-25T14:25:06.104Z", "user": 1, "content_type": 13, "object_id": "2", "object_repr": "tops", "action_flag": 1, "change_message": "[{\"added\": {}}]"}}, {"model": "admin.logentry", "pk": 5, "fields": {"action_time": "2021-12-25T14:25:14.241Z", "user": 1, "content_type": 13, "object_id": "3", "object_repr": "yoga", "action_flag": 1, "change_message": "[{\"added\": {}}]"}}, {"model": "admin.logentry", "pk": 6, "fields": {"action_time": "2021-12-25T14:25:21.822Z", "user": 1, "content_type": 13, "object_id": "4", "object_repr": "boxing", "action_flag": 1, "change_message": "[{\"added\": {}}]"}}, {"model": "admin.logentry", "pk": 7, "fields": {"action_time": "2021-12-25T14:25:35.859Z", "user": 1, "content_type": 13, "object_id": "5", "object_repr": "powders", "action_flag": 1, "change_message": "[{\"added\": {}}]"}}, {"model": "admin.logentry", "pk": 8, "fields": {"action_time": "2021-12-25T14:25:46.365Z", "user": 1, "content_type": 13, "object_id": "6", "object_repr": "bars", "action_flag": 1, "change_message": "[{\"added\": {}}]"}}, {"model": "admin.logentry", "pk": 9, "fields": {"action_time": "2021-12-25T14:25:48.244Z", "user": 1, "content_type": 13, "object_id": "6", "object_repr": "bars", "action_flag": 2, "change_message": "[]"}}, {"model": "admin.logentry", "pk": 10, "fields": {"action_time": "2021-12-25T14:32:04.968Z", "user": 1, "content_type": 14, "object_id": "1", "object_repr": "Tight Fit Womens Shorts", "action_flag": 1, "change_message": "[{\"added\": {}}]"}}, {"model": "admin.logentry", "pk": 11, "fields": {"action_time": "2021-12-25T22:09:19.177Z", "user": 1, "content_type": 14, "object_id": "1", "object_repr": "Tight Fit Womens Shorts", "action_flag": 2, "change_message": "[]"}}, {"model": "admin.logentry", "pk": 12, "fields": {"action_time": "2021-12-25T22:13:39.828Z", "user": 1, "content_type": 14, "object_id": "2", "object_repr": "Tight black Shorts", "action_flag": 1, "change_message": "[{\"added\": {}}]"}}, {"model": "admin.logentry", "pk": 13, "fields": {"action_time": "2021-12-25T22:14:11.998Z", "user": 1, "content_type": 14, "object_id": "2", "object_repr": "Tight Black Shorts", "action_flag": 2, "change_message": "[{\"changed\": {\"fields\": [\"Name\"]}}]"}}, {"model": "admin.logentry", "pk": 14, "fields": {"action_time": "2021-12-25T22:14:33.324Z", "user": 1, "content_type": 14, "object_id": "1", "object_repr": "Tight Fit Womens Shorts", "action_flag": 2, "change_message": "[{\"changed\": {\"fields\": [\"Sku\"]}}]"}}, {"model": "admin.logentry", "pk": 15, "fields": {"action_time": "2021-12-25T22:15:59.136Z", "user": 1, "content_type": 14, "object_id": "3", "object_repr": "Short Gym Shorts", "action_flag": 1, "change_message": "[{\"added\": {}}]"}}, {"model": "admin.logentry", "pk": 16, "fields": {"action_time": "2021-12-25T22:17:20.149Z", "user": 1, "content_type": 14, "object_id": "4", "object_repr": "Plain Short Shorts", "action_flag": 1, "change_message": "[{\"added\": {}}]"}}, {"model": "admin.logentry", "pk": 17, "fields": {"action_time": "2021-12-25T22:20:09.722Z", "user": 1, "content_type": 14, "object_id": "5", "object_repr": "High waist gym shorts", "action_flag": 1, "change_message": "[{\"added\": {}}]"}}, {"model": "admin.logentry", "pk": 18, "fields": {"action_time": "2021-12-25T22:21:50.767Z", "user": 1, "content_type": 14, "object_id": "6", "object_repr": "Fit Fast Gym Shorts", "action_flag": 1, "change_message": "[{\"added\": {}}]"}}, {"model": "admin.logentry", "pk": 19, "fields": {"action_time": "2021-12-25T22:23:26.197Z", "user": 1, "content_type": 14, "object_id": "7", "object_repr": "Blue And Orange Shorts", "action_flag": 1, "change_message": "[{\"added\": {}}]"}}, {"model": "admin.logentry", "pk": 20, "fields": {"action_time": "2021-12-25T22:24:35.073Z", "user": 1, "content_type": 14, "object_id": "8", "object_repr": "Mens Black Gym Shorts", "action_flag": 1, "change_message": "[{\"added\": {}}]"}}, {"model": "admin.logentry", "pk": 21, "fields": {"action_time": "2021-12-25T22:26:11.226Z", "user": 1, "content_type": 14, "object_id": "9", "object_repr": "Push And Pull Gym Shorts", "action_flag": 1, "change_message": "[{\"added\": {}}]"}}, {"model": "admin.logentry", "pk": 22, "fields": {"action_time": "2021-12-25T22:28:40.157Z", "user": 1, "content_type": 14, "object_id": "10", "object_repr": "Tomorrow Today Gym Shorts", "action_flag": 1, "change_message": "[{\"added\": {}}]"}}, {"model": "admin.logentry", "pk": 23, "fields": {"action_time": "2021-12-25T22:30:32.954Z", "user": 1, "content_type": 14, "object_id": "11", "object_repr": "Boxing Day Workout Shorts", "action_flag": 1, "change_message": "[{\"added\": {}}]"}}, {"model": "admin.logentry", "pk": 24, "fields": {"action_time": "2021-12-25T22:31:50.299Z", "user": 1, "content_type": 14, "object_id": "12", "object_repr": "Do It Gym Shorts", "action_flag": 1, "change_message": "[{\"added\": {}}]"}}, {"model": "admin.logentry", "pk": 25, "fields": {"action_time": "2021-12-25T22:32:58.972Z", "user": 1, "content_type": 14, "object_id": "13", "object_repr": "Short Black Gym Shorts", "action_flag": 1, "change_message": "[{\"added\": {}}]"}}, {"model": "admin.logentry", "pk": 26, "fields": {"action_time": "2021-12-25T22:34:22.848Z", "user": 1, "content_type": 14, "object_id": "14", "object_repr": "Fit Tec Gym Top", "action_flag": 1, "change_message": "[{\"added\": {}}]"}}, {"model": "admin.logentry", "pk": 27, "fields": {"action_time": "2021-12-25T22:35:33.291Z", "user": 1, "content_type": 14, "object_id": "15", "object_repr": "Tight Gym Top", "action_flag": 1, "change_message": "[{\"added\": {}}]"}}, {"model": "admin.logentry", "pk": 28, "fields": {"action_time": "2021-12-25T22:36:41.135Z", "user": 1, "content_type": 14, "object_id": "16", "object_repr": "Long Sleeved Black Top", "action_flag": 1, "change_message": "[{\"added\": {}}]"}}, {"model": "admin.logentry", "pk": 29, "fields": {"action_time": "2021-12-25T22:37:51.378Z", "user": 1, "content_type": 14, "object_id": "17", "object_repr": "Short Sleeved Black Top", "action_flag": 1, "change_message": "[{\"added\": {}}]"}}, {"model": "admin.logentry", "pk": 30, "fields": {"action_time": "2021-12-25T22:39:23.429Z", "user": 1, "content_type": 14, "object_id": "18", "object_repr": "Feel Good Woman's Gym Top", "action_flag": 1, "change_message": "[{\"added\": {}}]"}}, {"model": "admin.logentry", "pk": 31, "fields": {"action_time": "2021-12-25T22:40:50.201Z", "user": 1, "content_type": 14, "object_id": "19", "object_repr": "Today Tomorrow Woman's Gym Top", "action_flag": 1, "change_message": "[{\"added\": {}}]"}}, {"model": "admin.logentry", "pk": 32, "fields": {"action_time": "2021-12-25T22:42:16.811Z", "user": 1, "content_type": 14, "object_id": "20", "object_repr": "Bright Gym Top", "action_flag": 1, "change_message": "[{\"added\": {}}]"}}, {"model": "admin.logentry", "pk": 33, "fields": {"action_time": "2021-12-25T22:43:29.005Z", "user": 1, "content_type": 14, "object_id": "21", "object_repr": "Relax Gym Top", "action_flag": 1, "change_message": "[{\"added\": {}}]"}}, {"model": "admin.logentry", "pk": 34, "fields": {"action_time": "2021-12-25T22:44:47.021Z", "user": 1, "content_type": 14, "object_id": "22", "object_repr": "Fitness Mens Gym Top", "action_flag": 1, "change_message": "[{\"added\": {}}]"}}, {"model": "admin.logentry", "pk": 35, "fields": {"action_time": "2021-12-25T22:47:38.751Z", "user": 1, "content_type": 14, "object_id": "23", "object_repr": "All Day Gym Tank Top", "action_flag": 1, "change_message": "[{\"added\": {}}]"}}, {"model": "admin.logentry", "pk": 36, "fields": {"action_time": "2021-12-25T22:50:15.746Z", "user": 1, "content_type": 14, "object_id": "24", "object_repr": "Today Tomorrow Mens Gym Top", "action_flag": 1, "change_message": "[{\"added\": {}}]"}}, {"model": "admin.logentry", "pk": 37, "fields": {"action_time": "2021-12-25T22:51:36.081Z", "user": 1, "content_type": 14, "object_id": "25", "object_repr": "Mens Tight Fit Top", "action_flag": 1, "change_message": "[{\"added\": {}}]"}}, {"model": "admin.logentry", "pk": 38, "fields": {"action_time": "2021-12-25T22:53:19.648Z", "user": 1, "content_type": 14, "object_id": "26", "object_repr": "Boxing Day Tank Top", "action_flag": 1, "change_message": "[{\"added\": {}}]"}}, {"model": "admin.logentry", "pk": 39, "fields": {"action_time": "2021-12-25T22:54:28.929Z", "user": 1, "content_type": 14, "object_id": "27", "object_repr": "Mens Short Sleeve Top", "action_flag": 1, "change_message": "[{\"added\": {}}]"}}, {"model": "admin.logentry", "pk": 40, "fields": {"action_time": "2021-12-25T22:55:51.566Z", "user": 1, "content_type": 14, "object_id": "28", "object_repr": "Champion Top", "action_flag": 1, "change_message": "[{\"added\": {}}]"}}, {"model": "admin.logentry", "pk": 41, "fields": {"action_time": "2021-12-25T22:57:22.856Z", "user": 1, "content_type": 14, "object_id": "29", "object_repr": "Long Sleeved Gym Top", "action_flag": 1, "change_message": "[{\"added\": {}}]"}}, {"model": "admin.logentry", "pk": 42, "fields": {"action_time": "2021-12-25T22:59:23.663Z", "user": 1, "content_type": 14, "object_id": "30", "object_repr": "Yoga Carry Mat", "action_flag": 1, "change_message": "[{\"added\": {}}]"}}, {"model": "admin.logentry", "pk": 43, "fields": {"action_time": "2021-12-25T23:00:30.576Z", "user": 1, "content_type": 14, "object_id": "31", "object_repr": "Basic Yoga Mat", "action_flag": 1, "change_message": "[{\"added\": {}}]"}}, {"model": "admin.logentry", "pk": 44, "fields": {"action_time": "2021-12-25T23:01:36.641Z", "user": 1, "content_type": 14, "object_id": "32", "object_repr": "Leather Boxing Gloves", "action_flag": 1, "change_message": "[{\"added\": {}}]"}}, {"model": "admin.logentry", "pk": 45, "fields": {"action_time": "2021-12-25T23:02:55.359Z", "user": 1, "content_type": 14, "object_id": "33", "object_repr": "Gym Bottle", "action_flag": 1, "change_message": "[{\"added\": {}}]"}}, {"model": "admin.logentry", "pk": 46, "fields": {"action_time": "2021-12-25T23:04:18.527Z", "user": 1, "content_type": 14, "object_id": "34", "object_repr": "Basic Boxing Glove", "action_flag": 1, "change_message": "[{\"added\": {}}]"}}, {"model": "admin.logentry", "pk": 47, "fields": {"action_time": "2021-12-25T23:07:41.150Z", "user": 1, "content_type": 14, "object_id": "35", "object_repr": "Basic Skipping Rope", "action_flag": 1, "change_message": "[{\"added\": {}}]"}}, {"model": "admin.logentry", "pk": 48, "fields": {"action_time": "2021-12-25T23:10:58.755Z", "user": 1, "content_type": 14, "object_id": "36", "object_repr": "Strong Protein Bar", "action_flag": 1, "change_message": "[{\"added\": {}}]"}}, {"model": "admin.logentry", "pk": 49, "fields": {"action_time": "2021-12-25T23:13:31.809Z", "user": 1, "content_type": 14, "object_id": "37", "object_repr": "Workout Protein Bar", "action_flag": 1, "change_message": "[{\"added\": {}}]"}}, {"model": "admin.logentry", "pk": 50, "fields": {"action_time": "2021-12-25T23:13:51.141Z", "user": 1, "content_type": 14, "object_id": "37", "object_repr": "Workout Protein Bar", "action_flag": 2, "change_message": "[]"}}, {"model": "admin.logentry", "pk": 51, "fields": {"action_time": "2021-12-25T23:15:07.649Z", "user": 1, "content_type": 14, "object_id": "38", "object_repr": "Today Tomorrow Protein Powder", "action_flag": 1, "change_message": "[{\"added\": {}}]"}}, {"model": "admin.logentry", "pk": 52, "fields": {"action_time": "2021-12-25T23:16:31.455Z", "user": 1, "content_type": 14, "object_id": "39", "object_repr": "Full Workout Protein Powder", "action_flag": 1, "change_message": "[{\"added\": {}}]"}}, {"model": "admin.logentry", "pk": 53, "fields": {"action_time": "2021-12-25T23:18:46.517Z", "user": 1, "content_type": 14, "object_id": "40", "object_repr": "Vegan Protein Powder", "action_flag": 1, "change_message": "[{\"added\": {}}]"}}, {"model": "admin.logentry", "pk": 54, "fields": {"action_time": "2021-12-25T23:20:18.797Z", "user": 1, "content_type": 14, "object_id": "41", "object_repr": "All Day Protein Powder", "action_flag": 1, "change_message": "[{\"added\": {}}]"}}, {"model": "admin.logentry", "pk": 55, "fields": {"action_time": "2021-12-27T14:04:01.582Z", "user": 1, "content_type": 14, "object_id": "39", "object_repr": "Full Workout Protein Powder", "action_flag": 2, "change_message": "[{\"changed\": {\"fields\": [\"Sku\"]}}]"}}, {"model": "admin.logentry", "pk": 56, "fields": {"action_time": "2021-12-27T14:04:11.782Z", "user": 1, "content_type": 14, "object_id": "37", "object_repr": "Workout Protein Bar", "action_flag": 2, "change_message": "[{\"changed\": {\"fields\": [\"Sku\"]}}]"}}, {"model": "admin.logentry", "pk": 57, "fields": {"action_time": "2021-12-27T14:04:22.478Z", "user": 1, "content_type": 14, "object_id": "36", "object_repr": "Strong Protein Bar", "action_flag": 2, "change_message": "[{\"changed\": {\"fields\": [\"Sku\"]}}]"}}, {"model": "admin.logentry", "pk": 58, "fields": {"action_time": "2021-12-27T14:04:33.853Z", "user": 1, "content_type": 14, "object_id": "32", "object_repr": "Leather Boxing Gloves", "action_flag": 2, "change_message": "[{\"changed\": {\"fields\": [\"Sku\"]}}]"}}, {"model": "admin.logentry", "pk": 59, "fields": {"action_time": "2021-12-27T14:04:53.818Z", "user": 1, "content_type": 14, "object_id": "27", "object_repr": "Mens Short Sleeve Top", "action_flag": 2, "change_message": "[{\"changed\": {\"fields\": [\"Category\"]}}]"}}, {"model": "admin.logentry", "pk": 60, "fields": {"action_time": "2021-12-27T14:05:02.315Z", "user": 1, "content_type": 14, "object_id": "20", "object_repr": "Bright Gym Top", "action_flag": 2, "change_message": "[{\"changed\": {\"fields\": [\"Category\"]}}]"}}, {"model": "admin.logentry", "pk": 61, "fields": {"action_time": "2021-12-27T14:05:12.810Z", "user": 1, "content_type": 14, "object_id": "25", "object_repr": "Mens Tight Fit Top", "action_flag": 2, "change_message": "[{\"changed\": {\"fields\": [\"Category\"]}}]"}}, {"model": "admin.logentry", "pk": 62, "fields": {"action_time": "2021-12-27T14:05:23.819Z", "user": 1, "content_type": 14, "object_id": "12", "object_repr": "Do It Gym Shorts", "action_flag": 2, "change_message": "[{\"changed\": {\"fields\": [\"Category\"]}}]"}}, {"model": "admin.logentry", "pk": 63, "fields": {"action_time": "2021-12-27T14:08:02.135Z", "user": 1, "content_type": 14, "object_id": "15", "object_repr": "Tight Gym Top", "action_flag": 2, "change_message": "[{\"changed\": {\"fields\": [\"Image\"]}}]"}}, {"model": "admin.logentry", "pk": 64, "fields": {"action_time": "2021-12-27T15:18:11.764Z", "user": 1, "content_type": 14, "object_id": "2", "object_repr": "Tight Black Shorts", "action_flag": 2, "change_message": "[{\"changed\": {\"fields\": [\"Image\"]}}]"}}, {"model": "admin.logentry", "pk": 65, "fields": {"action_time": "2021-12-29T13:58:14.267Z", "user": 1, "content_type": 14, "object_id": "8", "object_repr": "Mens Black Gym Shorts", "action_flag": 2, "change_message": "[{\"changed\": {\"fields\": [\"Image\"]}}]"}}, {"model": "admin.logentry", "pk": 66, "fields": {"action_time": "2021-12-29T13:58:44.340Z", "user": 1, "content_type": 14, "object_id": "5", "object_repr": "High waist gym shorts", "action_flag": 2, "change_message": "[{\"changed\": {\"fields\": [\"Image\"]}}]"}}, {"model": "admin.logentry", "pk": 67, "fields": {"action_time": "2021-12-29T13:59:18.763Z", "user": 1, "content_type": 14, "object_id": "11", "object_repr": "Boxing Day Workout Shorts", "action_flag": 2, "change_message": "[{\"changed\": {\"fields\": [\"Image\"]}}]"}}, {"model": "admin.logentry", "pk": 68, "fields": {"action_time": "2021-12-29T13:59:42.472Z", "user": 1, "content_type": 14, "object_id": "2", "object_repr": "Tight Black Shorts", "action_flag": 2, "change_message": "[{\"changed\": {\"fields\": [\"Image\"]}}]"}}, {"model": "admin.logentry", "pk": 69, "fields": {"action_time": "2021-12-29T14:00:02.756Z", "user": 1, "content_type": 14, "object_id": "1", "object_repr": "Tight Fit Womens Shorts", "action_flag": 2, "change_message": "[{\"changed\": {\"fields\": [\"Image\"]}}]"}}, {"model": "admin.logentry", "pk": 70, "fields": {"action_time": "2021-12-29T14:00:26.604Z", "user": 1, "content_type": 14, "object_id": "4", "object_repr": "Plain Short Shorts", "action_flag": 2, "change_message": "[{\"changed\": {\"fields\": [\"Image\"]}}]"}}, {"model": "admin.logentry", "pk": 71, "fields": {"action_time": "2021-12-29T14:00:48.311Z", "user": 1, "content_type": 14, "object_id": "7", "object_repr": "Blue And Orange Shorts", "action_flag": 2, "change_message": "[{\"changed\": {\"fields\": [\"Image\"]}}]"}}, {"model": "admin.logentry", "pk": 72, "fields": {"action_time": "2021-12-29T14:01:12.093Z", "user": 1, "content_type": 14, "object_id": "3", "object_repr": "Short Gym Shorts", "action_flag": 2, "change_message": "[{\"changed\": {\"fields\": [\"Image\"]}}]"}}, {"model": "admin.logentry", "pk": 73, "fields": {"action_time": "2021-12-29T14:01:36.386Z", "user": 1, "content_type": 14, "object_id": "10", "object_repr": "Tomorrow Today Gym Shorts", "action_flag": 2, "change_message": "[{\"changed\": {\"fields\": [\"Image\"]}}]"}}, {"model": "admin.logentry", "pk": 74, "fields": {"action_time": "2021-12-29T14:01:57.318Z", "user": 1, "content_type": 14, "object_id": "6", "object_repr": "Fit Fast Gym Shorts", "action_flag": 2, "change_message": "[{\"changed\": {\"fields\": [\"Image\"]}}]"}}, {"model": "admin.logentry", "pk": 75, "fields": {"action_time": "2021-12-29T14:02:15.940Z", "user": 1, "content_type": 14, "object_id": "9", "object_repr": "Push And Pull Gym Shorts", "action_flag": 2, "change_message": "[{\"changed\": {\"fields\": [\"Image\"]}}]"}}, {"model": "admin.logentry", "pk": 76, "fields": {"action_time": "2021-12-29T14:02:43.037Z", "user": 1, "content_type": 14, "object_id": "13", "object_repr": "Short Black Gym Shorts", "action_flag": 2, "change_message": "[{\"changed\": {\"fields\": [\"Image\"]}}]"}}, {"model": "admin.logentry", "pk": 77, "fields": {"action_time": "2021-12-29T14:03:06.648Z", "user": 1, "content_type": 14, "object_id": "9", "object_repr": "Push And Pull Gym Shorts", "action_flag": 2, "change_message": "[{\"changed\": {\"fields\": [\"Image\"]}}]"}}, {"model": "admin.logentry", "pk": 78, "fields": {"action_time": "2021-12-29T14:03:37.144Z", "user": 1, "content_type": 14, "object_id": "13", "object_repr": "Short Black Gym Shorts", "action_flag": 3, "change_message": ""}}, {"model": "admin.logentry", "pk": 79, "fields": {"action_time": "2021-12-29T14:04:00.521Z", "user": 1, "content_type": 14, "object_id": "12", "object_repr": "Do It Gym Shorts", "action_flag": 2, "change_message": "[{\"changed\": {\"fields\": [\"Image\"]}}]"}}, {"model": "admin.logentry", "pk": 80, "fields": {"action_time": "2021-12-29T14:04:19.850Z", "user": 1, "content_type": 14, "object_id": "15", "object_repr": "Tight Gym Top", "action_flag": 2, "change_message": "[]"}}, {"model": "admin.logentry", "pk": 81, "fields": {"action_time": "2021-12-29T14:05:12.628Z", "user": 1, "content_type": 14, "object_id": "24", "object_repr": "Today Tomorrow Mens Gym Top", "action_flag": 2, "change_message": "[{\"changed\": {\"fields\": [\"Image\"]}}]"}}, {"model": "admin.logentry", "pk": 82, "fields": {"action_time": "2021-12-29T14:05:57.924Z", "user": 1, "content_type": 14, "object_id": "19", "object_repr": "Today Tomorrow Woman's Gym Top", "action_flag": 2, "change_message": "[{\"changed\": {\"fields\": [\"Image\"]}}]"}}, {"model": "admin.logentry", "pk": 83, "fields": {"action_time": "2021-12-29T14:06:17.455Z", "user": 1, "content_type": 14, "object_id": "27", "object_repr": "Mens Short Sleeve Top", "action_flag": 2, "change_message": "[{\"changed\": {\"fields\": [\"Image\"]}}]"}}, {"model": "admin.logentry", "pk": 84, "fields": {"action_time": "2021-12-29T14:06:36.237Z", "user": 1, "content_type": 14, "object_id": "23", "object_repr": "All Day Gym Tank Top", "action_flag": 2, "change_message": "[{\"changed\": {\"fields\": [\"Image\"]}}]"}}, {"model": "admin.logentry", "pk": 85, "fields": {"action_time": "2021-12-29T14:06:56.750Z", "user": 1, "content_type": 14, "object_id": "20", "object_repr": "Bright Gym Top", "action_flag": 2, "change_message": "[{\"changed\": {\"fields\": [\"Image\"]}}]"}}, {"model": "admin.logentry", "pk": 86, "fields": {"action_time": "2021-12-29T14:07:18.560Z", "user": 1, "content_type": 14, "object_id": "26", "object_repr": "Boxing Day Tank Top", "action_flag": 2, "change_message": "[{\"changed\": {\"fields\": [\"Image\"]}}]"}}, {"model": "admin.logentry", "pk": 87, "fields": {"action_time": "2021-12-29T14:07:43.097Z", "user": 1, "content_type": 14, "object_id": "14", "object_repr": "Fit Tec Gym Top", "action_flag": 2, "change_message": "[{\"changed\": {\"fields\": [\"Image\"]}}]"}}, {"model": "admin.logentry", "pk": 88, "fields": {"action_time": "2021-12-29T14:08:07.121Z", "user": 1, "content_type": 14, "object_id": "16", "object_repr": "Long Sleeved Black Top", "action_flag": 2, "change_message": "[{\"changed\": {\"fields\": [\"Image\"]}}]"}}, {"model": "admin.logentry", "pk": 89, "fields": {"action_time": "2022-01-05T14:43:56.992Z", "user": 1, "content_type": 16, "object_id": "1", "object_repr": "16285A2965854E9A85F90BAA16985909", "action_flag": 2, "change_message": "[{\"deleted\": {\"name\": \"order line item\", \"object\": \"SKU 200764332 on order 16285A2965854E9A85F90BAA16985909\"}}]"}}, {"model": "admin.logentry", "pk": 90, "fields": {"action_time": "2022-01-05T14:46:17.420Z", "user": 1, "content_type": 16, "object_id": "1", "object_repr": "16285A2965854E9A85F90BAA16985909", "action_flag": 2, "change_message": "[{\"deleted\": {\"name\": \"order line item\", \"object\": \"SKU 200212112 on order 16285A2965854E9A85F90BAA16985909\"}}]"}}, {"model": "admin.logentry", "pk": 91, "fields": {"action_time": "2022-01-05T14:46:42.331Z", "user": 1, "content_type": 16, "object_id": "1", "object_repr": "16285A2965854E9A85F90BAA16985909", "action_flag": 3, "change_message": ""}}, {"model": "admin.logentry", "pk": 92, "fields": {"action_time": "2022-01-05T14:55:28.434Z", "user": 1, "content_type": 16, "object_id": "4", "object_repr": "17B3C445CFBA473081E4DDA6A17A085D", "action_flag": 3, "change_message": ""}}, {"model": "admin.logentry", "pk": 93, "fields": {"action_time": "2022-01-05T14:55:28.480Z", "user": 1, "content_type": 16, "object_id": "3", "object_repr": "B912C9A09959455AA25323634934D3BE", "action_flag": 3, "change_message": ""}}, {"model": "admin.logentry", "pk": 94, "fields": {"action_time": "2022-01-05T14:55:28.574Z", "user": 1, "content_type": 16, "object_id": "2", "object_repr": "B0FF00D2F1D84393A6A3A8D296E49A25", "action_flag": 3, "change_message": ""}}, {"model": "admin.logentry", "pk": 95, "fields": {"action_time": "2022-01-07T14:57:06.244Z", "user": 1, "content_type": 4, "object_id": "1", "object_repr": "EllisR", "action_flag": 2, "change_message": "[{\"changed\": {\"fields\": [\"First name\"]}}]"}}, {"model": "admin.logentry", "pk": 96, "fields": {"action_time": "2022-01-10T14:37:45.359Z", "user": 1, "content_type": 16, "object_id": "18", "object_repr": "883BE839E86346DB8373A6A06E4979FB", "action_flag": 3, "change_message": ""}}, {"model": "admin.logentry", "pk": 97, "fields": {"action_time": "2022-01-10T14:37:45.364Z", "user": 1, "content_type": 16, "object_id": "17", "object_repr": "7E446E0C5FC94F73874EBF811B42EDCC", "action_flag": 3, "change_message": ""}}, {"model": "admin.logentry", "pk": 98, "fields": {"action_time": "2022-01-10T14:37:45.368Z", "user": 1, "content_type": 16, "object_id": "16", "object_repr": "1A3370191BD74343ABD24F9CF7CCFB06", "action_flag": 3, "change_message": ""}}, {"model": "admin.logentry", "pk": 99, "fields": {"action_time": "2022-01-10T14:37:45.372Z", "user": 1, "content_type": 16, "object_id": "15", "object_repr": "9695C1F00BAE4104BA596462D2D128FA", "action_flag": 3, "change_message": ""}}, {"model": "admin.logentry", "pk": 100, "fields": {"action_time": "2022-01-10T14:37:45.376Z", "user": 1, "content_type": 16, "object_id": "14", "object_repr": "2AC3313B8C464245B0BFD1ACCDE1F62F", "action_flag": 3, "change_message": ""}}, {"model": "admin.logentry", "pk": 101, "fields": {"action_time": "2022-01-10T14:37:45.379Z", "user": 1, "content_type": 16, "object_id": "13", "object_repr": "93EF4B8581894491857D594C3A9D068E", "action_flag": 3, "change_message": ""}}, {"model": "admin.logentry", "pk": 102, "fields": {"action_time": "2022-01-10T14:37:45.383Z", "user": 1, "content_type": 16, "object_id": "12", "object_repr": "7FA0D77D682A44398576DAB3E245777A", "action_flag": 3, "change_message": ""}}, {"model": "admin.logentry", "pk": 103, "fields": {"action_time": "2022-01-10T14:37:45.387Z", "user": 1, "content_type": 16, "object_id": "11", "object_repr": "EE4A8CD408D347AD86D5055C02944842", "action_flag": 3, "change_message": ""}}, {"model": "admin.logentry", "pk": 104, "fields": {"action_time": "2022-01-10T14:37:45.391Z", "user": 1, "content_type": 16, "object_id": "10", "object_repr": "4798AC452956482FA0CE3BADEEA7A311", "action_flag": 3, "change_message": ""}}, {"model": "admin.logentry", "pk": 105, "fields": {"action_time": "2022-01-10T14:37:45.395Z", "user": 1, "content_type": 16, "object_id": "9", "object_repr": "C3B214BEE5B7450F8D4F08856CD040F1", "action_flag": 3, "change_message": ""}}, {"model": "admin.logentry", "pk": 106, "fields": {"action_time": "2022-01-10T14:37:45.399Z", "user": 1, "content_type": 16, "object_id": "8", "object_repr": "DC38FB422133419C809C6A1B233FA34A", "action_flag": 3, "change_message": ""}}, {"model": "admin.logentry", "pk": 107, "fields": {"action_time": "2022-01-10T14:37:45.402Z", "user": 1, "content_type": 16, "object_id": "7", "object_repr": "1F28988A2E2646EAB38EF1456A9A62A7", "action_flag": 3, "change_message": ""}}, {"model": "admin.logentry", "pk": 108, "fields": {"action_time": "2022-01-10T14:37:45.405Z", "user": 1, "content_type": 16, "object_id": "6", "object_repr": "8819DC5BE41C47C0BB023C3C99E3DB67", "action_flag": 3, "change_message": ""}}, {"model": "admin.logentry", "pk": 109, "fields": {"action_time": "2022-01-10T14:37:45.409Z", "user": 1, "content_type": 16, "object_id": "5", "object_repr": "1B4D622BCA92441481AA6B16DC177E7D", "action_flag": 3, "change_message": ""}}, {"model": "auth.user", "pk": 1, "fields": {"password": "pbkdf2_sha256$260000$JHSeaXog0RBNehkIkIjNHd$eoxM+xKBZMu0QB158dup9Y21N2CbfP789yBnkf4KOBk=", "last_login": "2022-01-10T14:37:30.320Z", "is_superuser": true, "username": "EllisR", "first_name": "Ellis", "last_name": "", "email": "ellis.robinson@live.co.uk", "is_staff": true, "is_active": true, "date_joined": "2021-12-21T11:10:51Z", "groups": [], "user_permissions": []}}, {"model": "auth.user", "pk": 2, "fields": {"password": "pbkdf2_sha256$260000$gaANSejtE7XK8ALZ7RTpQo$wqCV9KD7/F5UkbDv6VJsIig5qvwSTuuoLdbxwOMukQE=", "last_login": "2022-01-07T11:45:39.227Z", "is_superuser": false, "username": "Test", "first_name": "", "last_name": "", "email": "seydeyorke@vusra.com", "is_staff": false, "is_active": true, "date_joined": "2022-01-07T11:44:48.818Z", "groups": [], "user_permissions": []}}, {"model": "sessions.session", "pk": "2rghxgz3deo8wkrvx3mogu8l4y0qu5f8", "fields": {"session_data": "e30:1n5nFJ:FXB5tqg4pdy3FFAEDKgFy_dACKl6iNdQgbi0UyoJnkU", "expire_date": "2022-01-21T11:17:21.504Z"}}, {"model": "sessions.session", "pk": "3u4hh3sojrkw9p31q32z1386vpbcys61", "fields": {"session_data": ".eJyrVkpKTFeyqlYyNlWyMtRRMjQFcTJLUnOL45Mq44szq1JBAr5KVkY6Sj5AJbW1OkoWuNQY1wIBAP1VGYw:1n4Mu9:o1BZ2Zu9AEWD6T8aW-WfduYOwwhdsH257-SZ_T9G6OI", "expire_date": "2022-01-17T12:57:37.595Z"}}, {"model": "sessions.session", "pk": "3wf4il0kez1qvdqhkwwffjxmf793u8wt", "fields": {"session_data": "eyJiYWciOnsiMSI6MX0sInNob3BwaW5nX2JhZyI6eyIxNSI6MX19:1n41XX:Qgb3r_u1q_7VYn_u1eOFMDmUIdpQDMG9jhuFgwOPzbI", "expire_date": "2022-01-16T14:08:51.461Z"}}, {"model": "sessions.session", "pk": "47yeg7duvf5ozs9i6tuk28lrshbyrdys", "fields": {"session_data": ".eJxVjDEOgzAQBP9ydWRh7HN8lOnzBmTf2UASgYShQvw9IFEk7c7sbNCGdenbtaS5HQQa0HD73WLgdxpPIK8wdpPiaVzmIapTURct6jlJ-jwu9y_Qh9IfbxLvPDsmMjYbXVlE9MjsLd6zqYWcT0S2qihqZJOdiKnZZa81uhT5iMbQQbOBgUbv-xfSyjq6:1n40M1:XHfeUBh-q1mGS7bQSt8LVzsChDyHhS0BVOW2gtqvmPw", "expire_date": "2022-01-16T12:52:53.098Z"}}, {"model": "sessions.session", "pk": "n1ennv5exxxy2llau6wizf6tdobga1tn", "fields": {"session_data": ".eJxVjEEOwiAQRe_C2hAoDDIu3fcMBGZAqoYmpV0Z765NutDtf-_9lwhxW2vYel7CxOIitDj9binSI7cd8D222yxpbusyJbkr8qBdjjPn5_Vw_w5q7PVbI3vnyRGiscVoZQHAA5G3cC5mYHQ-I1qlMGkgUxyzGcgVrzW4nEi8P7fzNww:1mzeMd:mmTtHrXkDm8QjXbn8JuuWlFBkXLHUzNS1rq9rmemTLQ", "expire_date": "2022-01-04T12:35:31.473Z"}}, {"model": "sessions.session", "pk": "ti2uf4vbuvjrz5z51a7gwzdbixglk7x3", "fields": {"session_data": ".eJxVjMsOgyAURP_lrg0ReRRcdu83ELhApQ9NRBet4d8riRt3kzlnZgdnH9DvwCj0tIGu5rSGTzbua3L6hVoMByulNGDsto5my2ExyUMPFC6ds_gKUwX-aafHTHCe1iU5UhVy0kyG2Yf3_XQvB6PN47HWXkmFErVmPDLaciGEEoiKi1tknddSBa1522pHBbIovWcdyqgoFTI4hPIH_I5Epw:1n54S2:JQ-FYibu3ekC5wZQYcHFGAAIB_Ek0EHWIz3HAa-wEOc", "expire_date": "2022-01-19T11:27:30.301Z"}}, {"model": "sessions.session", "pk": "ugipz81ex8mt6z2zxx7k53gf4h86uejn", "fields": {"session_data": ".eJxVjMsOwiAUBf-FdUNAHkKX7v0GApeLRQ0YaI3G-O_apAvdnpkzL-L8Mk9u6dhcjmQknAy_W_BwwbKCePblVCnUMrcc6KrQjXZ6rBGvh839C0y-T9-3jUYb0GCtkElwJpVSRgEYqfZJ7KLVBq2VjNnAFYikYxQ70MlwrjQGWKMde8-1OHzccnuSkQ2k-zu6XFIl49wWfH8ApJ9EbQ:1n6YtX:DsF8QtfbYcv35y0Q5v56Lil1qY0D-1g1Zq1cEUpSTxE", "expire_date": "2022-01-23T14:10:03.855Z"}}, {"model": "sessions.session", "pk": "xt3zaavzq5ba89ckryd69j6h9agyzghg", "fields": {"session_data": ".eJxVjEEOwiAQRe_C2hAoDDIu3fcMBGZAqoYmpV0Z765NutDtf-_9lwhxW2vYel7CxOIitDj9binSI7cd8D222yxpbusyJbkr8qBdjjPn5_Vw_w5q7PVbI3vnyRGiscVoZQHAA5G3cC5mYHQ-I1qlMGkgUxyzGcgVrzW4nEi8P7fzNww:1n6vnt:JsVNXhAPlx9gzyqcmzf9UbLeA8TXdylq4dh8RKSC9CU", "expire_date": "2022-01-24T14:37:45.555Z"}}, {"model": "sessions.session", "pk": "zisf0xo2kbv8hsu5ffc2q7andk7ck9zy", "fields": {"session_data": "eyJiYWciOnsiMzAiOjEsIjYiOjEsIjIwIjoxLCIxMSI6MX19:1n4LoN:DeYZM6Bnv_LealdiGBs6EJcKbYhHAUpeaM7DVOI2GtM", "expire_date": "2022-01-17T11:47:35.035Z"}}, {"model": "sites.site", "pk": 1, "fields": {"domain": "Forever-Fitness.example.com", "name": "Forever-Fitness"}}, {"model": "account.emailaddress", "pk": 1, "fields": {"user": 1, "email": "ellis.robinson@live.co.uk", "verified": true, "primary": true}}, {"model": "account.emailaddress", "pk": 2, "fields": {"user": 2, "email": "seydeyorke@vusra.com", "verified": true, "primary": true}}, {"model": "products.category", "pk": 1, "fields": {"name": "shorts", "friendly_name": "Shorts"}}, {"model": "products.category", "pk": 2, "fields": {"name": "tops", "friendly_name": "Tops"}}, {"model": "products.category", "pk": 3, "fields": {"name": "yoga", "friendly_name": "Yoga"}}, {"model": "products.category", "pk": 4, "fields": {"name": "boxing", "friendly_name": "Boxing"}}, {"model": "products.category", "pk": 5, "fields": {"name": "powders", "friendly_name": "Powders"}}, {"model": "products.category", "pk": 6, "fields": {"name": "bars", "friendly_name": "Bars"}}, {"model": "products.product", "pk": 1, "fields": {"category": 1, "sku": "200354632", "name": "Tight Fit Womens Shorts", "description": "Tight fit shorts from our top range workout brand, excellent for working out down at the range or ranging out at work.", "has_sizes": true, "price": "28.49", "rating": "5.40", "image_url": null, "image": "tight-fit-green-shorts.jpg"}}, {"model": "products.product", "pk": 2, "fields": {"category": 1, "sku": "200323534", "name": "Tight Black Shorts", "description": "These comfy and stylish shorts are made of a cotton/polyester blend and have pockets to hold your valuables. The material is lightweight and perfect for any outdoor activity.", "has_sizes": true, "price": "30.39", "rating": "3.50", "image_url": null, "image": "tight-black-shorts-with-pocket.jpg"}}, {"model": "products.product", "pk": 3, "fields": {"category": 1, "sku": "200764332", "name": "Short Gym Shorts", "description": "These gym shorts are perfect for those looking for a durable and long-lasting product. They are made from 100% cotton and will keep you cool, dry, and comfortable during your workout. The elastic waistband and drawstring allows for a comfortable and secure fit. These shorts also come in a variety of colors to suit your style and preference.", "has_sizes": true, "price": "32.00", "rating": "3.50", "image_url": null, "image": "lightweight-cotten-shorts.jpg"}}, {"model": "products.product", "pk": 4, "fields": {"category": 1, "sku": "200567843", "name": "Plain Short Shorts", "description": "Take a break from the gym in these short shorts that won't ride up when you're running or jumping. Made of a stretchy material, these shorts will be your new favourite workout buddy.", "has_sizes": true, "price": "33.10", "rating": "4.30", "image_url": null, "image": "plain-black-gym-shorts.webp"}}, {"model": "products.product", "pk": 5, "fields": {"category": 1, "sku": "200321228", "name": "High waist gym shorts", "description": "Most people who work out prefer high waist gym shorts for their durability and high level of comfort. These workout shorts are designed to be durable enough to last through many washings and to fit comfortably without restricting movement. The inseam is designed to be long enough to provide coverage, but not too long to interfere with movement. The waistband is designed to be wide enough to keep the shorts in place, but not so wide that it's uncomfortable. The material is lightweight and breathable, so it won't be too hot during the summer months.", "has_sizes": true, "price": "33.00", "rating": "5.50", "image_url": null, "image": "high-waisted-yoga-shorts.jpg"}}, {"model": "products.product", "pk": 6, "fields": {"category": 1, "sku": "200876545", "name": "Fit Fast Gym Shorts", "description": "Good black gym shorts are perfect for any workout or just lounging around the house. Made from a soft, breathable material, these shorts are stretchy and comfortable. These shorts have a wide waistband that sits just below the belly button and a zipper fly. The pockets are deep and the length is short.", "has_sizes": true, "price": "53.00", "rating": "8.50", "image_url": null, "image": "black-gtm-shorts.jpg"}}, {"model": "products.product", "pk": 7, "fields": {"category": 1, "sku": "200763433", "name": "Blue And Orange Shorts", "description": "These shorts are a vibrant blue and orange. They are a great choice for a workout. The fabric is a polyester and spandex blend. They are a lightweight, stretchy, and breathable material. The shorts have a high waist and a drawstring closure. They have side pockets for storing items. They also have a small slit in the back.", "has_sizes": true, "price": "48.49", "rating": "6.50", "image_url": null, "image": "blue-and-orange-shorts.jpg"}}, {"model": "products.product", "pk": 8, "fields": {"category": 1, "sku": "200222322", "name": "Mens Black Gym Shorts", "description": "These men's black gym shorts are made of a durable material that will hold up to anything you throw at it. They're designed with a pocket for your cell phone and a mesh lining to keep you cool and dry. These gym shorts are perfect for any type of workout, and they come in a variety of sizes to suit every type of man.", "has_sizes": true, "price": "33.49", "rating": "6.50", "image_url": null, "image": "pocket-gym-shorts.jpg"}}, {"model": "products.product", "pk": 9, "fields": {"category": 1, "sku": "200887656", "name": "Push And Pull Gym Shorts", "description": "Wearing these gym shorts will make you feel like you're living in the 90s. The material is made of cotton and polyester, so it's easy to wash and wear. It's perfect for wearing around the house or running errands on a hot day.", "has_sizes": true, "price": "45.79", "rating": "8.50", "image_url": null, "image": "mens-gym-shorts.jpg"}}, {"model": "products.product", "pk": 10, "fields": {"category": 1, "sku": "200873545", "name": "Tomorrow Today Gym Shorts", "description": "Fits tight to the body for a sleek look Built-in elastic waistband for a comfortable fit Side pockets for your phone and keys Inseam: 9\" These gym shorts from Jockey are a great option for a man who wants to look sleek and stay comfortable. The shorts have a built-in elastic waistband and side pockets for a man's phone and keys. The shorts fit tight to the body for a sleek look.", "has_sizes": true, "price": "50.49", "rating": "4.90", "image_url": null, "image": "light-weight-gym-shorts.jpg"}}, {"model": "products.product", "pk": 11, "fields": {"category": 1, "sku": "200322845", "name": "Boxing Day Workout Shorts", "description": "Every athlete needs to have the right gear for their sport. The best short for soccer, football, or any other sport is our green short. They are the perfect length for an athlete to wear under their uniform. Made of a polyester/cotton blend, these shorts are soft and comfortable. The waistband is elasticized for a comfortable fit. There are two pockets in the front to store your essentials.", "has_sizes": true, "price": "49.49", "rating": "6.70", "image_url": null, "image": "green-gym-shorts.jpg"}}, {"model": "products.product", "pk": 12, "fields": {"category": 1, "sku": "200989997", "name": "Do It Gym Shorts", "description": "Do it gym shorts are designed for comfort and functionality. The mesh lining and fabric provide breathability and cooling, and the elastic waistband and drawstring ensure a perfect fit.", "has_sizes": true, "price": "42.29", "rating": "4.30", "image_url": null, "image": "double-layer-gym-shorts.jpg"}}, {"model": "products.product", "pk": 14, "fields": {"category": 2, "sku": "200232423", "name": "Fit Tec Gym Top", "description": "No matter what your fitness goals are, you can find a top for you at Fit Tec. Fit Tec is a gym wear company that has been around for over 20 years. Fit Tec is the go-to company for gym wear. Whether you are looking for a tank top, t-shirt, or shorts, Fit Tec has the perfect option for you. Fit Tec offers a variety of options in tops. The tank tops are made with 100% cotton, which is perfect for the summer months. The t-shirts are made with moisture-wicking fabric, which is perfect for those hot summer days. Fit Tec also offers long sleeve shirts and jackets to keep you warm during the winter months. Fit Tec is known for their high quality and durable clothing.", "has_sizes": true, "price": "44.00", "rating": "6.30", "image_url": null, "image": "short-sleved-stretch-fit-top.jpg"}}, {"model": "products.product", "pk": 15, "fields": {"category": 2, "sku": "200098978", "name": "Tight Gym Top", "description": "Perfect for a morning jog or a spin class, this sleeveless top will keep you cool and comfortable. With a sleek design and just the right amount of coverage, this top is perfect for wearing on its own or as a layer. The soft fabric is made from a stretchy, moisture-wicking material that will keep you cool and dry.", "has_sizes": true, "price": "29.49", "rating": "3.40", "image_url": null, "image": "tight-fit-gym-top.jpg"}}, {"model": "products.product", "pk": 16, "fields": {"category": 2, "sku": "200256534", "name": "Long Sleeved Black Top", "description": "The perfect workout companion, this long sleeved black gym top is designed to be lightweight and breathable, while also providing an excellent level of coverage and a perfect fit. Made from a soft and stretchy fabric, this gym top is a must-have for those looking to make a statement in the gym.", "has_sizes": true, "price": "32.29", "rating": "5.90", "image_url": null, "image": "long-sleved-black-top.jpg"}}, {"model": "products.product", "pk": 17, "fields": {"category": 2, "sku": "200998898", "name": "Short Sleeved Black Top", "description": "You'll never need to worry about sunburns again with this sleeveless, long-sleeved, and high-necked black sports top. The polyester fabric is lightweight and breathable, and it will keep you cool and comfortable as you sweat. The elastic hemline will ensure that it stays in place as you move, and the adjustable straps will ensure that it fits you perfectly. This top is perfect for the woman who wants to stay protected from the sun without sacrificing style.", "has_sizes": true, "price": "55.49", "rating": "3.80", "image_url": null, "image": "short-sleved-black-top.jpg"}}, {"model": "products.product", "pk": 18, "fields": {"category": 2, "sku": "200323223", "name": "Feel Good Woman's Gym Top", "description": "The feel good loose womans gym top is a lightweight, ultra-soft and stretchy long sleeve top that will make you feel good while you workout. The feel good loose womans gym top is made of a cotton and polyester blend and features a loose fit and a deep v-neck. The feel good loose womans gym top is designed to be worn with leggings or shorts and features a wide crew neck and elastic cuffs.", "has_sizes": true, "price": "59.49", "rating": "4.60", "image_url": null, "image": "loose-black-short-sleved-top.jpg"}}, {"model": "products.product", "pk": 19, "fields": {"category": 2, "sku": "200209030", "name": "Today Tomorrow Woman's Gym Top", "description": "This womans gym top is designed to help you stay cool and dry during intense workouts. It is made of a lightweight fabric that is quick-drying and antimicrobial. The top has a v-neckline and is available in a variety of colors.", "has_sizes": true, "price": "44.29", "rating": "7.40", "image_url": null, "image": "long-sleved-gym-top.jpg"}}, {"model": "products.product", "pk": 20, "fields": {"category": 2, "sku": "200212322", "name": "Bright Gym Top", "description": "When she is out and about, she wants to be able to wear her favorite bright colors and show off her hard work at the gym. With this bright womans gym top, she can do just that. The top is made of a polyester and spandex blend that provides stretch and breathability, and the colors are sure to be a hit.", "has_sizes": true, "price": "19.30", "rating": "5.00", "image_url": null, "image": "breathable-gym-vest.jpg"}}, {"model": "products.product", "pk": 21, "fields": {"category": 2, "sku": "200333343", "name": "Relax Gym Top", "description": "Relax your mind and your muscles with this womans gym top. A flattering scoop neckline and racerback detail provide the perfect fit. Stretchy fabric will keep you comfortable and supported during your workout.", "has_sizes": true, "price": "20.39", "rating": "4.90", "image_url": null, "image": "loose-fit-yoga.jpg"}}, {"model": "products.product", "pk": 22, "fields": {"category": 2, "sku": "200900998", "name": "Fitness Mens Gym Top", "description": "No one will see you sweat in this men's gym top. The front is completely see-through, so you can show off your muscles, and the back is opaque to provide the coverage you need. This men's gym top is perfect for workouts or for lounging around the house. The material is lightweight and soft, so it's comfortable to wear. Made of 80% nylon and 20% spandex, this men's gym top is easy to wash. It can be hand washed in cold water and line dried.", "has_sizes": true, "price": "33.79", "rating": "6.30", "image_url": null, "image": "plain-white-gym-top.jpg"}}, {"model": "products.product", "pk": 23, "fields": {"category": 2, "sku": "200212223", "name": "All Day Gym Tank Top", "description": "This is a vest for working out. It has a mesh back, side panels, and front panels. It has adjustable straps and a drawstring waist. The back panel is made of a moisture-wicking fabric that pulls sweat away from the body. The front panels are made of breathable mesh for ventilation. The side panels are made of breathable mesh to give more airflow to the wearer.", "has_sizes": true, "price": "51.00", "rating": "4.80", "image_url": null, "image": "simple-grey-tabk-top.jpeg"}}, {"model": "products.product", "pk": 24, "fields": {"category": 2, "sku": "200200235", "name": "Today Tomorrow Mens Gym Top", "description": "Some people find that wearing a gym top with a built-in bra provides support and coverage. The Jogger's Bra is a one-size-fits-all bra top for men, which provides chest and back support, as well as coverage. The Jogger's Bra is made of a breathable cotton and spandex blend, and it's available in black, navy, and grey.", "has_sizes": true, "price": "33.59", "rating": "6.80", "image_url": null, "image": "tight-grey-top.jpg"}}, {"model": "products.product", "pk": 25, "fields": {"category": 2, "sku": "200898878", "name": "Mens Tight Fit Top", "description": "This men's tight gym top is the perfect choice for those looking for a little extra support. Made from breathable material, this top will be sure to keep you cool and comfortable while you're working out. This top also features a slimming design to help you look your best. With the right top, you'll be able to take on any workout with confidence.", "has_sizes": true, "price": "37.49", "rating": "4.40", "image_url": null, "image": "tight-fit-gym-top.jpg"}}, {"model": "products.product", "pk": 26, "fields": {"category": 2, "sku": "200232323", "name": "Boxing Day Tank Top", "description": "The Boxing Day Mens Tank Top is a comfy, trendy, and great quality shirt. This shirt is perfect for the holiday season. It is made of 100% cotton and is available in sizes Small to 3XL. The Boxing Day Mens Tank Top is perfect for any guy looking for a comfortable, trendy, and high quality shirt.", "has_sizes": true, "price": "29.00", "rating": "8.00", "image_url": null, "image": "plain-tank-top.jpg"}}, {"model": "products.product", "pk": 27, "fields": {"category": 2, "sku": "200212112", "name": "Mens Short Sleeve Top", "description": "This is a tight, slim-fitting gym top for men. It is perfect for those who want to show off their muscles without having to show off their nipples. It is made of stretchy, breathable material and has a v-neckline. It has an easy to wear and soft feel, and is available in black, blue, and gray.", "has_sizes": true, "price": "22.80", "rating": "6.80", "image_url": null, "image": "short-sleved-top.jpg"}}, {"model": "products.product", "pk": 28, "fields": {"category": 2, "sku": "200666566", "name": "Champion Top", "description": "This Champion Men's Athletic Gym Top is perfect for your workout. It is made of 100% cotton and has a nice loose fit that is comfortable and easy to move in. It features a chest pocket with a velcro closure for your keys, cards, or other small items. It also has two side pockets for your water bottle. This shirt is great for any activity.", "has_sizes": true, "price": "66.39", "rating": "2.20", "image_url": null, "image": "Athletic-Tank-Top.jpg"}}, {"model": "products.product", "pk": 29, "fields": {"category": 2, "sku": "200999989", "name": "Long Sleeved Gym Top", "description": "This long sleeved mens gym top is perfect for anyone who is active and likes to stay cool. The fabric is made of a stretchy polyester that provides just the right amount of stretch to be comfortable, but not too much that it becomes too loose. The fabric is also moisture wicking, which means that it will help keep you dry and comfortable. The neckline is crew neck, which means that it will not irritate your skin when you wear it, and the cuffs are snug to keep the sleeves in place. The color is navy blue, which means that it will match with anything you wear. This long sleeved mens gym top is the perfect piece of clothing for anyone who wants to stay cool and comfortable during their workout.", "has_sizes": true, "price": "61.00", "rating": "8.30", "image_url": null, "image": "long-sleved-top.jpg"}}, {"model": "products.product", "pk": 30, "fields": {"category": 3, "sku": "200888846", "name": "Yoga Carry Mat", "description": "This mat is made of high-quality materials and is perfect for yoga, but also great for pilates, general fitness, and other workouts. It is constructed with a waterproof material that is easy to clean and can withstand heavy usage. It has a carrying strap for easy transport and has extra grip to prevent slipping.", "has_sizes": false, "price": "32.69", "rating": "5.70", "image_url": null, "image": "carry-yoga-mat.jpg"}}, {"model": "products.product", "pk": 31, "fields": {"category": 3, "sku": "200211223", "name": "Basic Yoga Mat", "description": "The Yoga Company offers a variety of products for the yogi, including the basic yoga mat. This mat is made of natural rubber and offers great traction. It is lightweight and can be easily folded up for travel. The mat measures 6mm thick and is 1/4 inch in thickness.", "has_sizes": false, "price": "19.99", "rating": "4.70", "image_url": null, "image": "basic-yoga-mat.jpg"}}, {"model": "products.product", "pk": 32, "fields": {"category": 4, "sku": "200212866", "name": "Leather Boxing Gloves", "description": "Our boxing gloves are made of the finest leather, to ensure that they last for years to come. They are made to be lightweight and breathable, with the perfect amount of padding for your knuckles. They are fitted with laces for a snug fit, so you can customize the glove to your liking. The gloves are made for either right or left handed fighters, and are sold in pairs.", "has_sizes": false, "price": "10.99", "rating": "6.90", "image_url": null, "image": "leather-boxing-gloves.jpg"}}, {"model": "products.product", "pk": 33, "fields": {"category": 3, "sku": "200111211", "name": "Gym Bottle", "description": "2lt gym bottle is a sleek, durable, and reusable water bottle. The product is made of silicone, which is easy to clean and dishwasher safe. The product has a vacuum seal, which keeps liquids fresh for hours. It has a push-pull spout that opens with a quick push, and closes with a pull. It is designed to fit most standard cup holders. The bottle is dishwasher safe and is BPA free.", "has_sizes": false, "price": "12.49", "rating": "8.70", "image_url": null, "image": "2-2ltr-bottle.jpg"}}, {"model": "products.product", "pk": 34, "fields": {"category": 4, "sku": "200776775", "name": "Basic Boxing Glove", "description": "Protect your hands with these basic boxing gloves. These gloves are perfect for beginners who are just starting out with boxing. They are lightweight and allow for good control over your hands. The foam lining helps to absorb some of the impact. You can get them in either red or blue.", "has_sizes": false, "price": "29.50", "rating": "6.40", "image_url": null, "image": "black-boxing-gloves.jpg"}}, {"model": "products.product", "pk": 35, "fields": {"category": 4, "sku": "200337832", "name": "Basic Skipping Rope", "description": "With a simple design and a durable rubber exterior, the Nike Classic II Skipping Rope is perfect for beginners and seasoned athletes alike. The lightweight rope is easy to grip and features a ball bearing in the handle for a smooth, consistent skip. The sleek design is perfect for a low-impact workout, and the rope can be used in a variety of ways. You can use it for a basic skipping routine, or experiment with a few different variations. Use it to warm up before a workout, or to take a break during a strenuous workout. The possibilities are endless!", "has_sizes": false, "price": "30.10", "rating": "3.60", "image_url": null, "image": "orange-skipping-rope.jpg"}}, {"model": "products.product", "pk": 36, "fields": {"category": 6, "sku": "200655654", "name": "Strong Protein Bar", "description": "The product is a high protein bar that is perfect for those looking to maintain their weight. It is made with an organic protein blend of pea, pumpkin, and hemp protein, with added fiber and omega-3s. It has a creamy texture and tastes like a chocolate brownie. It has a decadent flavor and can be eaten at any time of the day. It's great for those who want to keep their weight in check and enjoy a satisfying snack.", "has_sizes": false, "price": "6.90", "rating": "7.00", "image_url": null, "image": "PureGym_Protein_Bar_Cookies_and_Cream.jpg"}}, {"model": "products.product", "pk": 37, "fields": {"category": 6, "sku": "200767667", "name": "Workout Protein Bar", "description": "This product is a nutritious and delicious snack that is designed to help you recover from a workout. The protein bar is full of quality ingredients that are perfect for refueling after a long workout. It has 10 grams of protein, 4 grams of fiber, and only 8 grams of sugar. There are three different flavors: peanut butter, dark chocolate, and vanilla. The protein bar is also made with high-quality ingredients and doesn't contain any artificial flavors or colors.", "has_sizes": false, "price": "14.50", "rating": "4.50", "image_url": null, "image": "permalean_protein_bar.jpg"}}, {"model": "products.product", "pk": 38, "fields": {"category": 5, "sku": "200212226", "name": "Today Tomorrow Protein Powder", "description": "What if you were looking for a protein powder that was delicious, filling, and nutritious? Look no further than The Super Good Protein Powder. Made with 100% whey protein, this protein powder is made with milk from cows not treated with artificial growth hormones. It also contains an impressive 20 grams of protein per serving. This protein powder also has the necessary carbohydrates, fats, and dietary fiber to keep you full and satisfied. With The Super Good Protein Powder, you can enjoy a delicious, filling, and nutritious meal that will help you reach your fitness goals.", "has_sizes": false, "price": "34.49", "rating": "7.70", "image_url": null, "image": "whey-protine.jpg"}}, {"model": "products.product", "pk": 39, "fields": {"category": 5, "sku": "200232223", "name": "Full Workout Protein Powder", "description": "For those who want to build muscle and lose weight, the best protein powder is the Premier Protein Weight Management Shake. Premier Protein is a weight management shake that provides 20 grams of protein and just 100 calories per serving. It is a good source of calcium, iron, and vitamin D, which is important for muscle development. This protein shake also includes soy and whey proteins, as well as fiber and vitamins, which helps to promote healthy digestion. The Premier Protein Weight Management Shake is a good choice for those who want to build muscle and lose weight. It provides 20 grams of protein and 100 calories per serving, as well as fiber and vitamins to promote healthy digestion.", "has_sizes": false, "price": "56.00", "rating": "8.90", "image_url": null, "image": "protine-powder-bottle.jpg"}}, {"model": "products.product", "pk": 40, "fields": {"category": 5, "sku": "200888898", "name": "Vegan Protein Powder", "description": "Vegan protein powder is a great way to get your daily dose of protein, but without the animal-based ingredients. This powder is made from pea protein, brown rice protein, and vegan-friendly supplements. It is also gluten-free, non-GMO, and made without artificial flavors or sweeteners.", "has_sizes": false, "price": "39.99", "rating": "9.90", "image_url": null, "image": "vegan-protine-bag.jpg"}}, {"model": "products.product", "pk": 41, "fields": {"category": 5, "sku": "200222222", "name": "All Day Protein Powder", "description": "Protein is one of the most important nutrients for the human body. It is important for muscle development, bone health, and immune function. It also provides the building blocks for hormones, enzymes, and other substances. However, it is difficult to get enough protein in a day's worth of food. Fortunately, there are protein powders that are easy to mix into smoothies, shakes, or other beverages. This powder can provide all the protein you need for the day. It is also gluten-free, soy-free, and dairy-free. This protein powder contains 20 grams of protein per serving. It is made from pea protein, rice protein, and pumpkin seed protein. This powder is plant-based and contains all nine essential amino acids. It also contains 10 grams of fiber per serving. Protein is an important nutrient that the human body needs to maintain muscle development, bone health, and immune function. This powder provides all the protein you need for the day in one serving. It is gluten-free, soy-free, and dairy-free.", "has_sizes": false, "price": "49.00", "rating": "4.70", "image_url": null, "image": "protine-milk.jpg"}}, {"model": "products.product", "pk": 44, "fields": {"category": 1, "sku": null, "name": "hello", "description": "asdf", "has_sizes": false, "price": "12.12", "rating": null, "image_url": null, "image": ""}}]